n	nome	funcao	empresa	inicio	retorno	previsao_retorno	motivo
1	MARCOS AURELIO BARBALHO TEIXEIRA	MOT. DE CAMINHAO NIVEL III	JC	2024-08-05			Afastado pelo INSS
2	MANOEL SILVIO BATISTA DOS SANTOS	OP. DE MOTOSSERRA - DERRUBA	RCA	2026-08-29			Atestado.
3	ROSELI DE JESUS GARCIA	COZINHEIRA	JC	2026-08-29			Afastamento pelo INSS.
4	JOSIEL AVINTE PINHEIRO	AJUDANTE OPERADOR DE MOTOSSERRA	RCA	2026-08-29			Afastamento pelo INSS.
5	GILDO SERRAO VEIGA	OPERADOR DE MOTOSSERRA	JC	2026-08-31		2026-10-31	Afastamento pelo INSS.
6	EVERALDO PAZ DO NASCIMENTO SANTANA	COZINHEIRO	JC	2026-08-31			Processo judicial
7	LAERCIO SOUZA MENEZES	MEDIDOR	JC	2026-09-11			exame médico em Santarém
8	JOSÉ SILVINO DE OLIVEIRA FILHO	MOT. DE CAMINHAO NIVEL III		2025-07-08	2026-09-16		Afastado pelo INSS
9	NIZETE RODRIGUES VIEIRA	COZINHEIRA		2026-08-29	2026-09-11		Afastamento pelo INSS.
10	LAERCIO SOUZA MENEZES	MEDIDOR		2026-08-31	2026-09-02		Atestado médico
