n	funcao	nome	empresa	admissao	cidade	situacao
1	AJUDANTE OPERADOR DE MOTOSSERRA	ALEXANDRE SOUZA SOARES	JC	2026-06-10	ORIXIMINÁ	Trabalhando
2	AJUDANTE OPERADOR DE MOTOSSERRA	ANDERSON ALVES RODRIGUES	RCA	2026-06-10		Trabalhando
3	AJUDANTE OPERADOR DE MOTOSSERRA	ANILSON DA SILVA SOARES	JC	2026-06-10	VILA DO ARUÃ	Trabalhando
4	AJUDANTE OPERADOR DE MOTOSSERRA	DANIEL PRIMAVERA CABRAL	RCA	2026-06-10		Trabalhando
5	AJUDANTE OPERADOR DE MOTOSSERRA	DARLAN FERREIRA ALMEIDA	JC	2026-06-10	SANTARÉM KM 32	Trabalhando
6	AJUDANTE OPERADOR DE MOTOSSERRA	FABRICIO DA SILVA MIRANDA	JC	2026-06-10	PRAINHA	De folga
7	AJUDANTE OPERADOR DE MOTOSSERRA	FELIPE DE CACIO DE SOUZA	RCA	2026-06-10		Trabalhando
8	AJUDANTE OPERADOR DE MOTOSSERRA	JEREMIAS CARDOSO	JC	2026-06-10	VILA DO ARUÃ	De folga
9	AJUDANTE OPERADOR DE MOTOSSERRA	JOSIEL AVINTE PINHEIRO	RCA	2026-06-10		Afastado
10	AJUDANTE OPERADOR DE MOTOSSERRA	JOSIVAN AVINTE PINHEIRO	RCA	2026-06-10		Trabalhando
11	AJUDANTE OPERADOR DE MOTOSSERRA	ROBSON DA COSTA RIBEIRO	RCA	2026-06-10		Trabalhando
12	APONTADOR DE PRODUÇÃO	ANDERSON COSTA AMARAL	RCA	2026-06-24		De folga
13	APONTADOR DE PRODUÇÃO	CRISTIANO DO CARMO NASCIMENTO	JC	2026-06-24	VILA DO SÃO JOSÉ	Trabalhando
14	APONTADOR DE PRODUÇÃO	GIL CONCEIÇÃO DOS SANTOS	JC	2026-06-24	VILA DO ARUÃ	Trabalhando
15	APONTADOR DE PRODUÇÃO	OSMIRO BAGATA CORRÊA	JC	2026-06-24	SANTARÉM	De folga
16	APONTADOR DE PRODUÇÃO	RENAN PEREIRA SARAIVA	RCA	2026-06-24		Trabalhando
17	AUXILIAR TÉC. FLORESTAL I	ABRAÃO FONSECA CARDOSO	JC	2026-06-10	VILA DO ARUÃ	Trabalhando
18	AUXILIAR TÉC. FLORESTAL I	BENEDITO CUNHA GONÇALVES	RCA	2026-06-10		Trabalhando
19	AUXILIAR TÉC. FLORESTAL I	EVARIS PEREIRA MOTA	JC	2026-06-10	JURUTI	Trabalhando
20	AUXILIAR TÉC. FLORESTAL I	MANOEL DA SILVA ANDRADE	JC	2026-06-10	JURUTI	Trabalhando
21	AUXILIAR TÉC. FLORESTAL I	RIAN CUNHA GONÇALVES	RCA	2026-06-10		Trabalhando
22	AUXILIAR TÉC. FLORESTAL I	SALMON BRANDÃO SILVA	JC	2026-06-10	JURUTI	Trabalhando
23	AUXILIAR TÉC. FLORESTAL II	NANDIVALDO FERREIRA DA SILVA	RCA	2025-06-27		Trabalhando
24	LIDER DE EQUIPE	JOSE FRANCISCO ALVES BALIEIRO	RCA	2026-06-10		Trabalhando
25	MEDIDOR	ALCIR LEÃO SOARES	RCA	2026-06-24		De folga
26	MEDIDOR	CLAYTON ROCHA MOURA	RENASCER	2024-09-23		De folga
27	MEDIDOR	ERIVELTON GAMA PEREIRA	JC	2026-06-24	VILA DO ARUÃ	Trabalhando
28	MEDIDOR	GIOVANI BARROS DO NASCIMENTO	JC	2025-05-02	CASTANHAL	Trabalhando
29	MEDIDOR	IZOMAR DA CRUZ	RCA	2026-06-24		Trabalhando
30	MEDIDOR	LAERCIO SOUZA MENEZES	JC	2026-06-24	SANTARÉM	Afastado
31	MEDIDOR	NEILSON FERREIRA SOBRINHO	JC	2026-06-24	SANTARÉM	Trabalhando
32	MEDIDOR	NEY CORRÊA OLIVEIRA	JC	2026-06-24	PORTEL	Trabalhando
33	OP. DE MOTOSSERRA - BATEDOR	AILSON DE JESUS MACEDO	JC	2026-06-24	VILA DO SÃO JOSÉ	De folga
34	OP. DE MOTOSSERRA - BATEDOR	ANTONIO ADRIANO BAIA RODRIGUES	JC	2026-06-24	PORTEL	Trabalhando
35	OP. DE MOTOSSERRA - BATEDOR	ANTONIO DOS SANTOS LIMA	JC	2026-07-01	MOJUI DOS CAMPOS	De folga
36	OP. DE MOTOSSERRA - BATEDOR	DANILO MOREIRA DOS SANTOS	RCA	2026-06-24		De folga
37	OP. DE MOTOSSERRA - BATEDOR	JOSÉ MARIA ALVES DA SILVA	JC	2026-06-24	MARABÁ	De folga
38	OP. DE MOTOSSERRA - BATEDOR	MANOEL JOCILEI FERREIRA PEREIRA	JC	2026-06-24	MARIAZINHA	Trabalhando
39	OP. DE MOTOSSERRA - BATEDOR	OSEIAS DA SILVA DOS SANTOS	RCA	2026-06-24		Trabalhando
40	OP. DE MOTOSSERRA - BATEDOR	PAULO ROBSON RODRIGUES ALVES BANDEI…	JC	2026-06-24	PORTEL	De folga
41	OP. DE MOTOSSERRA - BATEDOR	RAIMUNDO DE SOUZA GONÇALVES	RCA	2026-06-24		De folga
42	OP. DE MOTOSSERRA - BATEDOR	RONIEL FERNANDES AIRES	JC	2026-06-24	VILA DO ARUÃ	Trabalhando
43	OP. DE MOTOSSERRA - BATEDOR	ROSIVALDO PIMENTEL SANTANA	RCA	2026-06-24		De folga
44	OP. DE MOTOSSERRA - BATEDOR	YAN TAVARES SILVA DOS REIS	JC	2026-06-24	SANTARÉM	Trabalhando
45	OP. DE MOTOSSERRA - DERRUBA	ALESSANDRO CARVALHO DA SILVA	RCA	2026-06-10		Trabalhando
46	OP. DE MOTOSSERRA - DERRUBA	FRANCISCO JOSUÉ GONZAGA SENA	JC	2026-06-10	VILA DO ARUÃ	Trabalhando
47	OP. DE MOTOSSERRA - DERRUBA	JAIR VIANA FONSECA	JC	2026-06-10	SANTARÉM	Trabalhando
48	OP. DE MOTOSSERRA - DERRUBA	JOBSON FRANCISCO SILVA DOS SANTOS	RCA	2026-06-10		Trabalhando
49	OP. DE MOTOSSERRA - DERRUBA	JOSÉ ALUIZIO NOVAES DE SOUZA	RCA	2026-06-10		De folga
50	OP. DE MOTOSSERRA - DERRUBA	JOSE DIOGO FLORES DA SILVA	RCA	2026-06-10		Trabalhando
51	OP. DE MOTOSSERRA - DERRUBA	JOSIVALDO AVINTE PINHEIRO	RCA	2026-06-10		Trabalhando
52	OP. DE MOTOSSERRA - DERRUBA	MANOEL SILVIO BATISTA DOS SANTOS	RCA	2026-06-10		Afastado
53	OP. DE MOTOSSERRA - DERRUBA	RODRIGO NOGUEIRA DA SILVA	RCA	2026-06-10		Trabalhando
54	OP. DE MOTOSSERRA - DERRUBA	RONALDO DE JESUS NUNES	RCA	2026-06-10		Trabalhando
55	OP. DE MOTOSSERRA - DERRUBA	SERGIO FROTA DA SILVA	RCA	2026-06-10		Trabalhando
56	OP. DE MOTOSSERRA - TRILHA	ADEVALDO SOARES BRANDÃO	JC	2026-06-10	TUCURUÍ	Trabalhando
57	OP. DE MOTOSSERRA - TRILHA	JEAN DOS SANTOS DA SILVA	RCA	2026-06-10		Trabalhando
58	OPERADOR DE MOTOSSERRA	GILDO SERRAO VEIGA	JC	2024-06-12		Afastado
59	TRABALHADOR DE EXTRAÇÃO FLORESTAL	ALEX RODRIGUES DE LIMA	RCA	2026-06-10		Trabalhando
60	TRABALHADOR DE EXTRAÇÃO FLORESTAL	ANDRÉ BAGATA CORREA	JC	2026-06-24	VILA DO ARUÃ	Trabalhando
61	TRABALHADOR DE EXTRAÇÃO FLORESTAL	ARLEY RAMON DA SILVA OLIVEIRA	JC	2026-06-10	ITACOATIARA-AM	Trabalhando
62	TRABALHADOR DE EXTRAÇÃO FLORESTAL	DJALMA CARDOSO BAGATA	JC	2026-06-10	VILA DO ARUÃ	Trabalhando
63	TRABALHADOR DE EXTRAÇÃO FLORESTAL	EDERSON DA CRUZ ARAÚJO	JC	2026-06-10	JURUTI - COM. JARA…	Trabalhando
64	TRABALHADOR DE EXTRAÇÃO FLORESTAL	FRANCIEL DA SILVA TAVARES	JC	2026-07-01	SANTARÉM	De folga
65	TRABALHADOR DE EXTRAÇÃO FLORESTAL	JONATHAN FERREIRA DE CARVALHO	RCA	2026-05-27		Trabalhando
66	TRABALHADOR DE EXTRAÇÃO FLORESTAL	JOSILEY SOUSA DE ALMEIDA	JC	2026-06-24	PORTEL	Trabalhando
67	TRABALHADOR DE EXTRAÇÃO FLORESTAL	LEANDRO DA SILVA NUNES	JC	2026-06-10	VILA DO ARUÃ	De folga
68	TRABALHADOR DE EXTRAÇÃO FLORESTAL	PEDRO CONCEIÇÃO DOS SANTOS	JC	2026-06-24	VILA DO ARUÃ	Trabalhando
69	MOTORISTA DE APOIO	ANDRÉ IRAN ANDRADE DE SOUSA	JC	2026-07-18	TUCURUÍ	Trabalhando
70	MOTORISTA DE APOIO	MANOEL MESSIAS PEREIRA SOBRINHO	RCA	2026-06-10		Trabalhando
71	MOTORISTA DE CAMINHAO NIVEL III	ALESSANDRO JOSÉ AMARAL CARDOSO	RENASCER	2024-08-26		Trabalhando
72	MOTORISTA DE CAMINHAO NIVEL III	ANTONIO ALDIONE CUNHA DO ROSARIO	JC	2026-06-24	IPIXUNA DO PARÁ	Trabalhando
73	MOTORISTA DE CAMINHAO NIVEL III	CARLOS RENE NASCIMENTO	JC	2026-07-01	TUCURUÍ	Trabalhando
74	MOTORISTA DE CAMINHAO NIVEL III	DANIELSON VIEIRA DA SILVA	JC	2025-10-10	MONTE ALEGRE	Trabalhando
75	MOTORISTA DE CAMINHAO NIVEL III	DENI DAYVID POMPEU DOS PRAZERES	JC	2026-07-01	TOMÉ AÇU	Trabalhando
76	MOTORISTA DE CAMINHAO NIVEL III	EDIMILSON OLIVEIRA COSTA	JC	2026-09-01	TUCURUÍ	Trabalhando
77	MOTORISTA DE CAMINHAO NIVEL III	EDNALDO SILVA RAMOS	JC	2026-06-24	BELÉM	Trabalhando
78	MOTORISTA DE CAMINHAO NIVEL III	EMERSON CASTRO DA SILVA	RENASCER	2024-08-26		Trabalhando
79	MOTORISTA DE CAMINHAO NIVEL III	ENIO LAURIE OLIVEIRA BEZERRA	RENASCER	2024-10-15		De folga
80	MOTORISTA DE CAMINHAO NIVEL III	FABRICIO DA SILVA SÁ	JC	2026-07-01	S.M. DO URUARÁ	Trabalhando
81	MOTORISTA DE CAMINHAO NIVEL III	GENILSON DA SILVA SANTOS	JC	2026-07-01	DOM ELISEU	De folga
82	MOTORISTA DE CAMINHAO NIVEL III	HENRIQUE MEIRE CARMINATI	JC	2026-06-10	PARAGOMINAS	Trabalhando
83	MOTORISTA DE CAMINHAO NIVEL III	JOSÉ SALVADOR CARDOSO MELO	JC	2026-07-01	VILA DO ARUÃ	Trabalhando
84	MOTORISTA DE CAMINHAO NIVEL III	JOSÉ SILVINO DE OLIVEIRA FILHO	JC	2025-07-08	SANTARÉM KM 22	Trabalhando
85	MOTORISTA DE CAMINHAO NIVEL III	JOSE SOUZA DOS SANTOS	RCA	2025-06-18		Trabalhando
86	MOTORISTA DE CAMINHAO NIVEL III	JUVENILSON OLIVEIRA DA CUNHA	JC	2026-07-01	SANTARÉM	Trabalhando
87	MOTORISTA DE CAMINHAO NIVEL III	MARCOS AURELIO BARBALHO TEIXEIRA	JC	2024-08-05	SANTARÉM	Afastado
88	MOTORISTA DE CAMINHAO NIVEL III	ODILSON OLIVEIRA DA CUNHA JUNIOR	JC	2026-08-13	SANTARÉM	Trabalhando
89	MOTORISTA DE CAMINHAO NIVEL III	RODRIGO SANTOS DE LIMA	JC	2026-09-03	SANTARÉM	Trabalhando
90	MOTORISTA DE COMBOIO	ANTENOR MOREIRA DA SILVA	RCA	2026-06-10		De folga
91	OP. DE MOTONIVELADORA	FRANCISCO DE ARAUJO FURTADO	RCA	2026-06-10		De folga
92	OP. DE MOTONIVELADORA	JULIO VIEIRA GUIMARÃES	JC	2026-06-10	RUROPÓLIS	Trabalhando
93	OP. DE PÁ CARREGADEIRA	ADRIANO BRITO RODRIGUES	RCA	2026-07-10		De folga
94	OP. DE PÁ CARREGADEIRA	ARNANDIR DOS SANTOS ARAUJO	JC	2026-07-18	TAILÂNDIA	Trabalhando
95	OP. DE PÁ CARREGADEIRA	EDSON FREITAS VALENTE	RENASCER	2024-09-03		De folga
96	OP. DE PÁ CARREGADEIRA	FRANCISCO GILDERLEY RODRIGUES DA SILVA	RCA	2025-07-04		Trabalhando
97	OP. DE PÁ CARREGADEIRA	HALAN RODRIGO BATISTA SENA	JC	2026-07-01	JURUTI	De folga
98	OP. DE PÁ CARREGADEIRA	JUCELINO PINHEIRO DA COSTA	JC	2025-05-06	BARCARENA	Trabalhando
99	OP. DE PÁ CARREGADEIRA	JUNIELSON MAIA RODRIGUES	JC	2026-07-01	PORTEL	Trabalhando
100	OP. DE PÁ CARREGADEIRA	MANAZES FERREIRA DO CARMO MOURÃO	JC	2025-06-11	PARINTINS	De folga
101	OP. DE PÁ CARREGADEIRA	MARCIO DE JESUS SOARES OLIVEIRA	JC	2026-07-10	S.M. DO URUARÁ	De folga
102	OP. DE PÁ CARREGADEIRA	MICHAEL SULLIVAN SILVA LIMA	JC	2022-07-01	STª LUZIA -PA	Trabalhando
103	OP. DE PÁ CARREGADEIRA	ORIGINO MOURA DE AQUINO	RCA	2026-07-01		Trabalhando
104	OP. DE SKIDDER	CARLOS WAGNER MELO ARAUJO	JC	2026-06-24	PORTEL	De folga
105	OP. DE SKIDDER	REINALDO ROCHA DOS SANTOS	RCA	2026-06-24		De folga
106	OP. DE SKIDDER	SEBASTIÃO DA CRUZ GOMES	RCA	2026-06-24		De folga
107	OP. DE SKIDDER	VALDEMIR SARAIVA LIMA	JC	2026-06-24	N. REPARTIMENTO	Trabalhando
108	OPERADOR DE TRATOR DE ESTEIRA	ALESSANDRO LACERDA DA SILVA	RCA	2026-07-21		De folga
109	OPERADOR DE TRATOR DE ESTEIRA	LAEIDSON DE ARAUJO SILVA	JC	2025-07-10	ITAITUBA	Trabalhando
110	AGENTE DE INSPEÇÃO DE QUALIDADE	JORGE ANDRÉ PORTAL DA SILVA	JFC	2026-08-28	JURUTI - PA	Trabalhando
111	ALMOXARIFE	JONISSON SOUZA DA SILVA	RCA	2026-07-21		Trabalhando
112	ALMOXARIFE	PABLO MATEUS BEZERRA DA SILVA	JC	2026-06-10	PARAGOMINAS	Trabalhando
113	AUX. DE ELETRICISTA DE AUTO	HEQUITOM VICTOR SILVA DO CARMO	JC	2026-04-22	TUCURUÍ	Trabalhando
114	AUX. DE ELETRICISTA DE AUTO	HEQUITOM VICTOR SILVA DO CARMO (DUP…	JC	2026-04-22		Trabalhando
115	AUX. DE MECANICO	RODRIGO CUNHA DE SOUZA	RCA	2025-07-04		Trabalhando
116	AUX DE LUBRIFICAÇÃO	JANDERLEY SENA DE OLIVEIRA	JC	2026-09-15	SANTARÉM	Trabalhando
117	AUX DE LUBRIFICAÇÃO	MATEUS RIBEIRO DA SILVA	JC	2025-10-07	MOJUI DOS CAMPOS	Trabalhando
118	AUX DE LUBRIFICAÇÃO	PABLO DA COSTA RIBEIRO	RCA	2025-06-27		De folga
119	AUXILIAR DE COZINHA	ALANA DOS SANTOS SILVEIRA	JC	2026-06-10	VILA DO ARUÃ	Trabalhando
120	AUXILIAR DE COZINHA	DANIEL ARAUJO MASCARENHAS	JC	2023-06-07	PORTEL	Trabalhando
121	AUXILIAR DE COZINHA	JOSEANE ANDREA CAVALCANTE ARAGÃO	JC	2026-06-10	SANTARÉM	Trabalhando
122	BORRACHEIRO	ALAILSON PEREIRA RODRIGUES	RCA	2024-06-25		Trabalhando
123	BORRACHEIRO	JOSÉ MARIA BRANDÃO	JC	2025-08-05	PERITORÓ-MA	Trabalhando
124	CARPINTEIRO	JONAS ARAUJO MASCARENHAS	JC	2022-06-17	PORTEL	Trabalhando
125	COZINHEIRA	ANGELICA SOUSA DA COSTA	JC	2025-05-28	SANTARÉM/TABOCAL	Trabalhando
126	COZINHEIRA	MARIA DO SOCORRO FERREIRA DO NASCI…	JC	2026-09-03	SANTARÉM	Trabalhando
127	COZINHEIRA	ROSANA SOUZA DA SILVA	JC	2026-06-10	PRAINHA	Trabalhando
128	COZINHEIRA	ROSELI DE JESUS GARCIA	JC	2025-10-16	SANTARÉM	Afastado
129	COZINHEIRO	JOSÉ NILSON ALVES BALIEIRO	RCA	2026-06-24		Trabalhando
130	COZINHEIRO	RAIMUNDO EDER AMARAL FREIRE	JC	2026-07-08		Trabalhando
131	GERENTE OPERACIONAL	ALDO ANDRADE DA SILVA	RCA	2024-07-13		Trabalhando
132	GERENTE OPERACIONAL	VALDINEY GOMES DOS SANTOS	RCA	2022-07-07		Trabalhando
133	LAVADEIRA	BRUNA DA SILVA SOARES	JC	2026-06-10	VILA DO ARUÃ	Trabalhando
134	LAVADEIRA	MARIA ZILMARA ALVES DA SILVA	JC	2025-05-28	VILA DO ARUÃ	Trabalhando
135	MEC. DE MOTOSSERRA	JOSÉ ANTONIO MAFRA	RCA	2026-06-10		Trabalhando
136	MECANICO I	ADRIANO FERREIRA DE SOUZA	JC	2026-09-22	JURUTI	Trabalhando
137	MECANICO I	BENEDITO DOS SANTOS DA SILVA	JC	2024-06-05	PORTEL	Trabalhando
138	MECANICO I	JHONATA YURI ALCANTARA GUIMARÃES	JC	2025-09-01	SANTARÉM	Trabalhando
139	MECANICO I	WANDERSON DE SOUSA SILVA	JC	2026-05-05	TOMÉ AÇU	Trabalhando
140	MECANICO II	ALCINDO DO NASCIMENTO CORREA	JC	2023-04-13	ALENQUER	De folga
141	MECANICO II	FLAVIO ALMEIDA FURTADO	RCA	2024-07-13		Trabalhando
142	MECANICO II	LEONARDO DA COSTA AMARAL	RCA	2026-06-10		De folga
143	MECANICO III	ANTONIO FRANCISCO PAIVA MATOS	RCA	2026-05-26		Trabalhando
144	MECANICO III	JULIEDSON MARTINS COSTA	RCA	2024-07-03		Trabalhando
145	MECANICO III	WALCILON SILVA DA COSTA	JC	2026-05-08	TUCURUÍ	Trabalhando
146	SERVIÇOS GERAIS	ARILSON BAGATA CORREA	JC	2026-06-10	VILA DO ARUÃ	Trabalhando
147	SOLDADOR	JOSÉ LEANDRO DA SILVA GOMES	JC	2026-08-31	Tucuruí - PA	Trabalhando
148	SOLDADOR	MARCELO MAIA DE SOUSA	RCA	2025-07-09		Trabalhando
149	TÉC. EM ENFERMAGEM	EDIJANDERSON DO NASCIMENTO FERREIRA	RCA	2026-06-10		Trabalhando
150	TORNEIRO MECANICO	FRANCISCO TUIRA SOUZA	JC	2025-03-11	RONDON	Trabalhando
