n	nome	empresa	ciclo	inicio	saida_frente	chegada_casa	saida_casa	chegada_frente	tipo
1	MANOEL MESSIAS PEREIRA SOBRINHO	RCA	2	2026-09-22	2026-09-07	2026-09-09	2026-09-19	2026-09-22	Usufruída
2	AILSON DE JESUS MACEDO	JC	1	2026-06-24	2026-09-19	2026-09-20	2026-09-20	2026-09-23	Usufruída
3	CRISTIANO DO CARMO NASCIMENTO	JC	1	2026-06-24	2026-09-11	2026-09-13	2026-09-24	2026-09-24	Usufruída
4	JOSILEY SOUSA DE ALMEIDA	JC	1	2026-06-24	2026-08-18	2026-08-18	2026-09-08	2026-09-09	Usufruída (migrado de folga antiga)
5	NEILSON FERREIRA SOBRINHO	JC	1	2026-06-24	2026-09-11	2026-09-13	2026-09-24	2026-09-24	Usufruída
6	NEY CORRÊA OLIVEIRA	JC	1	2026-06-24	2026-08-18	2026-08-18	2026-09-05	2026-09-08	Usufruída (migrado de folga antiga)
7	OSEIAS DA SILVA DOS SANTOS	RCA	1	2026-06-24	2026-08-18	2026-08-18	2026-09-08	2026-09-09	Usufruída (migrado de folga antiga)
8	RENAN PEREIRA SARAIVA	RCA	1	2026-06-24	2026-08-18	2026-08-18	2026-09-08	2026-09-09	Usufruída (migrado de folga antiga)
9	YAN TAVARES SILVA DOS REIS	JC	1	2026-06-24	2026-09-11	2026-09-13	2026-09-26	2026-09-26	Usufruída
10	ABRAÃO FONSECA CARDOSO	JC	1	2026-06-10	2026-08-29	2026-08-30	2026-09-09	2026-09-10	Usufruída (migrado de folga antiga)
11	ALESSANDRO CARVALHO DA SILVA	RCA	1	2026-06-10	2026-09-05	2026-09-09	2026-09-18	2026-09-23	Usufruída
12	ALEX RODRIGUES DE LIMA	RCA	1	2026-06-10	2026-09-05	2026-09-09	2026-09-20	2026-09-23	Usufruída
13	ALEXANDRE SOUZA SOARES	JC	1	2026-06-10	2026-09-05	2026-09-09	2026-09-17	2026-09-19	Usufruída
14	ANDERSON ALVES RODRIGUES	RCA	1	2026-06-10	2026-09-05	2026-09-09	2026-09-19	2026-09-23	Usufruída
15	ANGELICA SOUSA DA COSTA	JC	1	2026-06-10	2026-09-07	2026-09-09	2026-09-21	2026-09-22	Usufruída
16	ANILSON DA SILVA SOARES	JC	1	2026-06-10	2026-09-05	2026-09-06	2026-09-22	2026-09-21	Usufruída
17	ANTONIO MARCOS BAIA RODRIGUES	JC	1	2026-06-10	2026-09-05	2026-09-09	2026-09-19	2026-09-23	Usufruída
18	ARILSON BAGATA CORREA	JC	1	2026-06-10	2026-09-08	2026-09-09	2026-09-22	2026-09-23	Usufruída
19	ARLEY RAMON DA SILVA OLIVEIRA	JC	1	2026-06-10	2026-09-05	2026-09-10	2026-09-21	2026-09-24	Usufruída
20	BENEDITO CUNHA GONÇALVES	RCA	1	2026-06-10	2026-09-05	2026-09-09	2026-09-20	2026-09-23	Usufruída
21	BRUNA DA SILVA SOARES	JC	1	2026-06-10	2026-09-07	2026-09-08	2026-09-18	2026-09-19	Usufruída
22	CARLOS ANDRÉ DOS SANTOS LIMA	JC	1	2026-06-10	2026-09-05	2026-09-08	2026-09-20	2026-09-22	Usufruída
23	CLAUDILSON DO NASCIMENTO QUEIROZ	JC	1	2026-06-10	2026-09-05	2026-09-08	2026-09-19	2026-09-22	Usufruída
24	DARLAN FERREIRA ALMEIDA	JC	1	2026-06-10	2026-09-05	2026-09-08	2026-09-19	2026-09-20	Usufruída
25	DHEMERSON DE SOUZA BARBOSA	JC	1	2026-06-10	2026-09-05	2026-09-07	2026-09-20	2026-09-22	Usufruída
26	DJALMA CARDOSO BAGATA	JC	1	2026-06-10	2026-09-05	2026-09-06	2026-09-19	2026-09-20	Usufruída
27	EDIJANDERSON DO NASCIMENTO FERREIRA	RCA	1	2026-06-10	2026-09-07	2026-09-10	2026-09-21	2026-09-22	Usufruída
28	EDINESIO SILVA BATISTA	JC	1	2026-06-10	2026-09-05	2026-09-06	2026-09-21	2026-09-22	Usufruída
29	ELDINEI PAIVA DE SOUZA	JC	1	2026-06-10	2026-09-05	2026-09-07	2026-09-21	2026-09-22	Usufruída
30	EVANDRO PEREIRA DE SOUZA	JC	1	2026-06-10	2026-09-05	2026-09-10	2026-09-21	2026-09-24	Usufruída
31	FELIPE DE CACIO DE SOUZA	RCA	1	2026-06-10	2026-09-05	2026-09-09	2026-09-19	2026-09-22	Usufruída
32	FRANCISCO GILDERLEY RODRIGUES DA SILVA	RCA	1	2026-06-10	2026-09-08	2026-09-09	2026-09-21	2026-09-23	Usufruída
33	FRANCISCO JOSUÉ GONZAGA SENA	JC	1	2026-06-10	2026-09-05	2026-09-06	2026-09-26	2026-09-26	Usufruída
34	HENRIQUE MEIRE CARMINATI	JC	1	2026-06-10	2026-09-08	2026-09-10	2026-09-22	2026-09-24	Usufruída
35	IZAEL CORREA DOS SANTOS	JC	1	2026-06-10	2026-08-29	2026-08-29	2026-09-08	2026-09-08	Usufruída (migrado de folga antiga)
36	JAIR VIANA FONSECA	JC	1	2026-06-10	2026-09-05	2026-09-08	2026-09-22	2026-09-23	Usufruída
37	JEFFERSON VALADARES DA SILVA	JC	1	2026-06-10	2026-09-05	2026-09-10	2026-09-19	2026-09-23	Usufruída
38	JOBSON FRANCISCO SILVA DOS SANTOS	RCA	1	2026-06-10	2026-09-05	2026-09-08	2026-09-21	2026-09-23	Usufruída
39	JOSÉ ANTONIO MAFRA	RCA	1	2026-06-10	2026-09-08	2026-09-10	2026-09-21	2026-09-25	Usufruída
40	JOSE DIOGO FLORES DA SILVA	RCA	1	2026-06-10	2026-09-05	2026-09-10	2026-09-19	2026-09-23	Usufruída
41	JOSE FRANCISCO ALVES BALIEIRO	RCA	1	2026-06-10	2026-09-05	2026-09-09	2026-09-19	2026-09-23	Usufruída
42	JOSE RIBAMAR COSTA DA SILVA	JC	1	2026-06-10	2026-09-07	2026-09-09	2026-09-19	2026-09-22	Usufruída
43	JOSIEL DOS SANTOS DE MATOS	JC	1	2026-06-10	2026-09-05	2026-09-10	2026-09-19	2026-09-23	Usufruída
44	JOSIVALDO AVINTE PINHEIRO	RCA	1	2026-06-10	2026-09-05	2026-09-07	2026-09-21	2026-09-23	Usufruída
45	JOSIVAN AVINTE PINHEIRO	RCA	1	2026-06-10	2026-09-05	2026-09-08	2026-09-21	2026-09-23	Usufruída
46	LUCAS TEIXEIRA BENTES	JC	1	2026-06-10	2026-09-05	2026-09-07	2026-09-21	2026-09-22	Usufruída
47	MANOEL MESSIAS PEREIRA SOBRINHO	RCA	1	2026-06-10	2026-09-05	2026-09-09	2026-09-19	2026-09-22	Usufruída
48	MAURO JOSÉ DUARTE LIMA	JC	1	2026-06-10	2026-09-05	2026-09-07	2026-09-21	2026-09-22	Usufruída
49	NELMO DOS SANTOS ARAUJO	JC	1	2026-06-10	2026-09-05	2026-09-09	2026-09-19	2026-09-22	Usufruída
50	PABLO MATEUS BEZERRA DA SILVA	JC	1	2026-06-10	2026-09-08	2026-09-10	2026-09-23	2026-09-25	Usufruída
51	PEDRO NETO FONSECA TORRES	JC	1	2026-06-10	2026-09-05	2026-09-09	2026-09-19	2026-09-22	Usufruída
52	RIAN CUNHA GONÇALVES	RCA	1	2026-06-10	2026-09-05	2026-09-09	2026-09-20	2026-09-23	Usufruída
53	ROBSON DA COSTA RIBEIRO	RCA	1	2026-06-10	2026-09-05	2026-09-09	2026-09-19	2026-09-22	Usufruída
54	RODRIGO NOGUEIRA DA SILVA	RCA	1	2026-06-10	2026-09-05	2026-09-06	2026-09-22	2026-09-23	Usufruída
55	ROSANA SOUZA DA SILVA	JC	1	2026-06-10	2026-09-08	2026-09-09	2026-09-21	2026-09-23	Usufruída
56	SERGIO ANTONIO CARDOSO	JC	1	2026-06-10	2026-09-08	2026-09-09	2026-09-21	2026-09-22	Usufruída
57	SERGIO FROTA DA SILVA	RCA	1	2026-06-10	2026-09-05	2026-09-09	2026-09-20	2026-09-23	Usufruída
58	SEVERINO DOS RAMOS ALVES FEITOSA	JC	1	2026-06-10	2026-09-06	2026-09-07	2026-09-19	2026-09-22	Usufruída
59	VALDENOR GAMA SOARES	JC	1	2026-06-10	2026-09-05	2026-09-07	2026-09-21	2026-09-22	Usufruída
60	VALDIR LOPES GUIMARÃES	JC	1	2026-06-10	2026-09-05	2026-09-07	2026-09-21	2026-09-22	Usufruída
61	WELLINGTON CAMPOS SOARES	JC	1	2026-06-10	2026-09-05	2026-09-07	2026-09-22	2026-09-22	Usufruída
62	ALESSANDRO JOSÉ AMARAL CARDOSO	Renascer	1	2026-06-02	2026-08-31	2026-08-31	2026-09-26	2026-09-26	Usufruída (migrado de folga antiga)
63	NANDIVALDO FERREIRA DA SILVA	RCA	1	2026-05-31	2026-08-29	2026-08-29	2026-09-12	2026-09-17	Usufruída (migrado de folga antiga)
64	RAFAEL CONCEIÇÃO FERNANDES	JC	1	2026-05-29	2026-08-28	2026-08-28	2026-09-16	2026-09-12	Usufruída (migrado de folga antiga)
65	JONATHAN FERREIRA DE CARVALHO	RCA	1	2026-05-27	2026-08-29	2026-08-29	2026-09-12	2026-09-17	Usufruída (migrado de folga antiga)
66	LAEIDSON DE ARAUJO SILVA	JC	1	2026-05-27	2026-08-25	2026-08-25	2026-09-08	2026-09-08	Usufruída (migrado de folga antiga)
67	ANTONIO FRANCISCO PAIVA MATOS	RCA	1	2026-05-26	2026-08-19	2026-08-19	2026-09-04	2026-09-08	Usufruída (migrado de folga antiga)
68	JOSE SOUZA DOS SANTOS	RCA	1	2026-05-22	2026-08-20	2026-08-20	2026-08-31	2026-09-01	Usufruída (migrado de folga antiga)
69	VALDINEY GOMES DOS SANTOS	RCA	1	2026-05-22	2026-08-20	2026-08-20	2026-09-06	2026-09-05	Usufruída (migrado de folga antiga)
70	MOISES DA SILVA LAMEIRA	JC	1	2026-05-19	2026-08-17	2026-08-17	2026-09-05	2026-09-05	Usufruída (migrado de folga antiga)
71	RODRIGO CUNHA DE SOUZA	RCA	1	2026-05-16	2026-08-14	2026-08-14	2026-09-08	2026-09-09	Usufruída (migrado de folga antiga)
72	ALAILSON PEREIRA RODRIGUES	RCA	1	2024-06-25	2026-09-05	2026-09-09	2026-09-20	2026-09-23	Usufruída
