n	funcao	nome	empresa	admissao	nascimento	cidade	situacao
1	AJUDANTE OPERADOR DE MOTOSSERRA	CARLOS ANDRÉ DOS SANTOS LIMA	JC	2026-06-10		TUCURUÍ	Trabalhando
2	AJUDANTE OPERADOR DE MOTOSSERRA	DHEMERSON DE SOUZA BARBOSA	JC	2026-06-10		JURUTI/VILA PARAISO	Trabalhando
3	AJUDANTE OPERADOR DE MOTOSSERRA	ELDINEI PAIVA DE SOUZA	JC	2026-06-10		JURUTI/COLONIA	Trabalhando
4	AJUDANTE OPERADOR DE MOTOSSERRA	JEFFERSON VALADARES DA SILVA	JC	2026-06-10		PORTEL	Trabalhando
5	AJUDANTE OPERADOR DE MOTOSSERRA	JOSIEL DOS SANTOS DE MATOS	JC	2026-06-10		PORTEL	Trabalhando
6	AJUDANTE OPERADOR DE MOTOSSERRA	LUCAS TEIXEIRA BENTES	JC	2026-06-10		JURUTI	Trabalhando
7	AJUDANTE OPERADOR DE MOTOSSERRA	MARCOS DE SOUZA TORRES	JC	2026-06-10	1981-05-07	ITACOATIARA-AM	Trabalhando
8	AJUDANTE OPERADOR DE MOTOSSERRA	NIZIEL DA SILVA SOARES	JC	2026-07-14		VILA DO ARUÃ	Trabalhando
9	AJUDANTE OPERADOR DE MOTOSSERRA	PEDRO NETO FONSECA TORRES	JC	2026-06-10		ITACOATIARA-AM	Trabalhando
10	AJUDANTE OPERADOR DE MOTOSSERRA	VALDIR LOPES GUIMARÃES	JC	2026-06-10		JURUTI	Trabalhando
11	AJUDANTE OPERADOR DE MOTOSSERRA	WELLINGTON CAMPOS SOARES	JC	2026-06-10		SANTARÉM	Trabalhando
12	APONTADOR DE PRODUÇÃO	ERCULANO ASSIS	JC	2026-06-24	1998-04-05	VILA DO ARUÃ	De folga
13	APONTADOR DE PRODUÇÃO	GIL CONCEIÇÃO DOS SANTOS	JC	2026-06-24		VILA DO ARUÃ	Trabalhando
14	APONTADOR DE PRODUÇÃO	IRANILSON BAGATA CORREA	JC	2026-06-24	1998-04-19	SANTARÉM	De folga
15	AUXILIAR TÉC. FLORESTAL I	EVARIS PEREIRA MOTA	JC	2026-06-10		JURUTI	Trabalhando
16	AUXILIAR TÉC. FLORESTAL I	MANOEL DA SILVA ANDRADE	JC	2026-06-10		JURUTI	Trabalhando
17	AUXILIAR TÉC. FLORESTAL I	SALMON BRANDÃO SILVA	JC	2026-06-10		JURUTI	Trabalhando
18	AUXILIAR TÉC. FLORESTAL II	ROBENILSON DA SILVA RODRIGUES	JC	2026-05-26	1993-08-11	S.M. DO URUARÁ	Trabalhando
19	LIDER DE EQUIPE	JONAS FREITAS BRAGA	JC	2026-06-10		PORTEL	Trabalhando
20	MEDIDOR	ERIVELTON GAMA PEREIRA	JC	2026-06-24	1988-06-08	VILA DO ARUÃ	Trabalhando
21	MEDIDOR	EVANDRO MONTEIRO PEREIRA	JC	2023-06-01	1984-02-11	PORTEL	Trabalhando
22	MEDIDOR	GIOVANI BARROS DO NASCIMENTO	JC	2025-05-02		CASTANHAL	Trabalhando
23	OP. DE MOTOSSERRA - BATEDOR	JOSÉ LUIZ ALVES FERREIRA	JC	2026-06-24	1982-09-21	MARIAZINHA	De folga
24	OP. DE MOTOSSERRA - BATEDOR	MANOEL JOCILEI FERREIRA PEREIRA	JC	2026-06-24	1884-10-27	MARIAZINHA	Trabalhando
25	OP. DE MOTOSSERRA - BATEDOR	MATEUS CAVALCANTE DE SIQUEIRA	JC	2026-06-24	1999-04-01	JURUTI	De folga
26	OP. DE MOTOSSERRA - BATEDOR	OZARILSON NEVES DA SILVA	JC	2026-06-24	1996-03-26	BREVES	De folga
27	OP. DE MOTOSSERRA - BATEDOR	RAIMUNDO NUNES ALVES	JC	2026-06-24	1970-05-26	BREU BRANCO	De folga
28	OP. DE MOTOSSERRA - BATEDOR	RONIEL FERNANDES AIRES	JC	2026-06-24		VILA DO ARUÃ	Trabalhando
29	OP. DE MOTOSSERRA - BATEDOR	VANDERSON DE SOUZA XAVIER	JC	2026-06-24	1999-08-15	JURUTI/COLONIA	De folga
30	OP. DE MOTOSSERRA - DERRUBA	ANDRÉ MELO DE SOUZA	JC	2026-06-10		JURUTI	Trabalhando
31	OP. DE MOTOSSERRA - DERRUBA	ANTONIO MARCOS BAIA RODRIGUES	JC	2026-06-10		PORTEL	Trabalhando
32	OP. DE MOTOSSERRA - DERRUBA	CLAUDILSON DO NASCIMENTO QUEIROZ	JC	2024-06-12		DOM ELISEU	Trabalhando
33	OP. DE MOTOSSERRA - DERRUBA	EDINESIO SILVA BATISTA	JC	2026-06-10		VILA DO ARUÃ	Trabalhando
34	OP. DE MOTOSSERRA - DERRUBA	EVANDRO PEREIRA DE SOUZA	JC	2026-06-10		ITACOATIARA-AM	Trabalhando
35	OP. DE MOTOSSERRA - DERRUBA	JOÃO BENEDITO ALVES FILHO	JC	2026-06-10		PORTEL	Trabalhando
36	OP. DE MOTOSSERRA - DERRUBA	LUZARDO GOMES TORRES	JC	2025-05-28		ITACOATIARA-AM	De folga
37	OP. DE MOTOSSERRA - DERRUBA	MANUEL RENILDO DOS SANTOS SOARES	JC	2026-06-10	1980-02-06	SANTARÉM	Afastado
38	OP. DE MOTOSSERRA - DERRUBA	MAURO JOSÉ DUARTE LIMA	JC	2026-06-10		SANTARÉM	Trabalhando
39	OP. DE MOTOSSERRA - DERRUBA	MIGUEL COSTA DA SILVA	JC	2026-06-10		TUCURUÍ	Trabalhando
40	OP. DE MOTOSSERRA - DERRUBA	NELMO DOS SANTOS ARAUJO	JC	2026-06-10		PORTEL	Trabalhando
41	OP. DE MOTOSSERRA - DERRUBA	RAIMUNDO NONATO DE SOUSA PINHEIRO	JC	2026-07-01	1992-09-13	JURUTI	Trabalhando
42	OP. DE MOTOSSERRA - DERRUBA	SEVERINO DOS RAMOS ALVES FEITOSA	JC	2025-05-30		RONDON	Trabalhando
43	OP. DE MOTOSSERRA - DERRUBA	VALDENOR GAMA SOARES	JC	2026-06-10		SANTARÉM	Trabalhando
44	TRABALHADOR DE EXTRAÇÃO FLORESTAL	EDERSON DA CRUZ ARAÚJO	JC	2026-06-10		JURUTI - COM. JARA…	Trabalhando
45	TRABALHADOR DE EXTRAÇÃO FLORESTAL	FRANCINALDO ALVES FERREIRA	JC	2026-06-24	1996-05-27	MARIAZINHA	De folga
46	TRABALHADOR DE EXTRAÇÃO FLORESTAL	IZAEL CORREA DOS SANTOS	JC	2026-06-10	1994-11-03	VILA DO ARUÃ	Trabalhando
47	TRABALHADOR DE EXTRAÇÃO FLORESTAL	JACSON GLORIA LOPES	JC	2026-06-24		BREVES	De folga
48	TRABALHADOR DE EXTRAÇÃO FLORESTAL	PEDRO CONCEIÇÃO DOS SANTOS	JC	2026-06-24		VILA DO ARUÃ	Trabalhando
49	TRABALHADOR DE EXTRAÇÃO FLORESTAL	WEMERSON OLIVEIRA SANCHES	JC	2026-05-26		S.M. DO URUARÁ	De folga
50	MOTORISTA DE APOIO	DANIEL MARTINS SILVEIRA	JC	2025-09-09		RONDON	Trabalhando
51	MOTORISTA DE APOIO	JOEFSON OLIVEIRA DA SILVA	JC	2026-09-11	1996-10-10	PRAINHA	Trabalhando
52	MOTORISTA DE APOIO	JOSE RIBAMAR COSTA DA SILVA	JC	2026-06-10		RONDON	Trabalhando
53	MOTORISTA DE CAMINHAO NIVEL III	ANTONIO ALDIONE CUNHA DO ROSARIO	JC	2026-06-24		IPIXUNA DO PARÁ	Trabalhando
54	MOTORISTA DE CAMINHAO NIVEL III	AUREO FERREIRA NAZARENO	JC	2026-06-24	1991-08-16	IPIXUNA DO PARÁ	Trabalhando
55	MOTORISTA DE CAMINHAO NIVEL III	CARLOS RENE NASCIMENTO	JC	2026-07-01		TUCURUÍ	De folga
56	MOTORISTA DE CAMINHAO NIVEL III	DANIELSON VIEIRA DA SILVA	JC	2025-10-10		MONTE ALEGRE	Trabalhando
57	MOTORISTA DE CAMINHAO NIVEL III	DIEGO OLIVEIRA SANTOS	JC	2026-07-01	1987-08-31	RONDON	Trabalhando
58	MOTORISTA DE CAMINHAO NIVEL III	EMERSON CASTRO DA SILVA	Renascer	2024-08-26			Trabalhando
59	MOTORISTA DE CAMINHAO NIVEL III	ENIO LAURIE OLIVEIRA BEZERRA	Renascer	2024-10-15			De folga
60	MOTORISTA DE CAMINHAO NIVEL III	FABRICIO DA SILVA SÁ	JC	2026-07-01	1984-09-02	S.M. DO URUARÁ	Trabalhando
61	MOTORISTA DE CAMINHAO NIVEL III	FERNANDO NEVES DUTRA	JC	2025-06-11	1989-01-13	RONDON	Trabalhando
62	MOTORISTA DE CAMINHAO NIVEL III	JOSÉ ALBERTO LEÃO ARAUJO	JC	2026-07-01	1998-11-12	TUCURUÍ	Trabalhando
63	MOTORISTA DE CAMINHAO NIVEL III	JOSÉ SALVADOR CARDOSO MELO	JC	2026-07-01		VILA DO ARUÃ	Trabalhando
64	MOTORISTA DE CAMINHAO NIVEL III	ODILSON OLIVEIRA DA CUNHA	JC	2026-07-01		S.M. DO URUARÁ	Trabalhando
65	MOTORISTA DE CAMINHAO NIVEL III	RAIMUNDO NONATO DA SILVA LIMA	JC	2026-07-01	1975-05-24	SANTARÉM	Trabalhando
66	MOTORISTA DE COMBOIO	ANTONIO FRANCISCO DE ASSIS DANTAS	JC	2025-08-01	1980-08-21	SALINAS	De folga
67	OP. DE MOTONIVELADORA	UBIRACI DA SILVA	JC	2026-06-17	1982-01-23	TURIAÇU	Trabalhando
68	OP. DE PÁ CARREGADEIRA	ANTONIO JORGE EVANGELISTA	JC	2026-07-16	1971-06-15	PARAGOMINAS	Trabalhando
69	OP. DE PÁ CARREGADEIRA	ANTONIO MÁRCIO TAVARES DA COSTA	JC	2025-08-01	1978-04-19	NOVA TIMBOTEUA	Trabalhando
70	OP. DE PÁ CARREGADEIRA	ARNALDO LIMA DA SILVA	JC	2025-08-20	1973-12-03	SANTARÉM	Trabalhando
71	OP. DE PÁ CARREGADEIRA	ARNANDIR DOS SANTOS ARAUJO	JC	2026-07-18		TAILÂNDIA	Trabalhando
72	OP. DE PÁ CARREGADEIRA	FRANCIMAR BARBOSA MARINHO	JC	2026-07-01	1977-04-10	MONTE ALEGRE	De folga
73	OP. DE PÁ CARREGADEIRA	JOSE RODRIGUES DE ANDRADE	JC	2025-05-06	1966-11-05	PARAGOMINAS	Trabalhando
74	OP. DE PÁ CARREGADEIRA	JOSIAS DE LIMA SILVA	JC	2026-07-01	1973-06-16	ULIANÓPOLIS	De folga
75	OP. DE PÁ CARREGADEIRA	TIAGO SARMENTO DE SOUSA	JC	2026-07-14	2003-10-19	PARINTINS	Trabalhando
76	OP. DE SKIDDER	JAIRO DA SILVA MASCARENHAS	JC	2025-06-04	1987-07-10	PORTEL	De folga
77	OP. DE SKIDDER	MAYCON LOPES DOS SANTOS	JC	2025-06-04	1993-03-12	TOMÉ AÇU	De folga
78	OPERADOR DE TRATOR DE ESTEIRA	FABIO CONCEICAO DE ALMEIDA	JC	2025-05-16	1980-12-08	TUCURUÍ	Trabalhando
79	OPERADOR DE TRATOR DE ESTEIRA	GILMAR DOS SANTOS SOUZA	JC	2026-05-29	1967-04-16	RORAÍNOPOPLIS-RR	Trabalhando
80	OPERADOR DE TRATOR DE ESTEIRA	RAIMUNDO LOPES DA SILVA	JC	2026-06-10	1976-09-01	PORTEL	De folga
81	OPERADOR DE TRATOR DE ESTEIRA	ROBERTO BRAGA DA SILVA	JC	2026-05-29	1986-10-18	TUCURUÍ	Trabalhando
82	ALMOXARIFE	RAFAEL DOS SANTOS MARINHO	JC	2026-07-08	1995-06-24	JURUTI	Trabalhando
83	ANALISTA ADMINISTRATIVO	ELDER MORAES VIEGAS	JC	2026-07-16	1992-11-04	SANTARÉM	Trabalhando
84	AUX DE LUBRIFICAÇÃO	EDINEI MACHADO DA SILVA	JC	2026-07-08	2005-07-30	MOJUI DOS CAMPOS	Trabalhando
85	AUXILIAR DE COZINHA	ALANA DOS SANTOS SILVEIRA	JC	2026-06-10	1998-04-15	VILA DO ARUÃ	Trabalhando
86	AUXILIAR DE COZINHA	CRISTINA CASTRO DA SILVA	JC	2026-09-03		SANTARÉM	Trabalhando
87	AUXILIAR DE COZINHA	EDIELMA VANESSA MARQUES DOS SANTOS	JC	2026-05-29	2001-07-02	VILA DO ARUÃ	Trabalhando
88	AUXILIAR DE COZINHA	MARIA VALDETE FERREIRA COREA	JC	2026-06-10	1974-10-23	SANTARÉM	De folga
89	BORRACHEIRO	RAFAEL CONCEIÇÃO FERNANDES	JC	2026-05-29	1995-07-28	S.M. DO URUARÁ	Trabalhando
90	COZINHEIRA	ANA CLAUDIA DANTAS DOS SANTOS	JC	2023-06-01	1977-03-05	SANTARÉM	Trabalhando
91	COZINHEIRA	ANGELICA SOUSA DA COSTA	JC	2025-05-28		SANTARÉM/TABOCAL	Trabalhando
92	COZINHEIRA	NIZETE RODRIGUES VIEIRA	JC	2025-05-28		MONTE ALEGRE	Trabalhando
93	COZINHEIRA	SILVANIA SOARES	JC	2026-06-10	1977-02-28	SANTARÉM	De folga
94	COZINHEIRO	JACKSON WILLIAN DE SOUZA NASCIMENTO	JC	2026-07-16	2005-05-31	JURUTI	Trabalhando
95	ELETRICISTA DE AUTO	DENILTON NUNES SIQUEIRA	JC	2025-01-09	2001-04-04	PARAGOMINAS	Trabalhando
96	ENC. DE PRODUÇÃO I	ANTONIO RODRIGUES ANDRADE	JC	2025-05-28	1987-03-20	NOVA OLINDA-MA	De folga
97	ENC. DE TRANSPORTE II	SERGIO ANTONIO CARDOSO	JC	2026-06-10		SANTARÉM	Trabalhando
98	GERENTE OPERACIONAL	JOÃO PEDRO PINTO GOMES	JC	2026-06-10	1991-12-23	SANTARÉM	De folga
99	LAVADEIRA	ANA LUCIA PEDROSO DA SILVA	JC	2023-06-01	1963-07-26	BELTERRA	Trabalhando
100	LAVADEIRA(O)	GERDON SEAN PEDROSO DA SILVA	JC	2026-06-10		BELTERRA	Trabalhando
101	MEC. DE MOTOSSERRA	JOSÉ VIANA SANTOS FILHO	JC	2024-06-05	1966-03-04	PARAGOMINAS	Trabalhando
102	MEC. DE MOTOSSERRA	MOISES DA SILVA LAMEIRA	JC	2025-09-05		PRES. FIQUEREDO-AM	Trabalhando
103	MECANICO I	LUCAS FERNANDES CARDOSO	JC	2025-11-05		SANTARÉM	Trabalhando
104	MECANICO II	ALCINDO DO NASCIMENTO CORREA	JC	2023-04-13		ALENQUER	De folga
105	MECANICO II	ALCINDO DO NASCIMENTO CORREA (DUPLI…	JC	2023-04-13			Trabalhando
106	MECANICO II	EDSON RENAN OLIVEIRA MACIEL	JC	2024-02-27	1996-04-19	LARANJAL DO JARI	Trabalhando
107	MECANICO II	FLAVIO ALMEIDA FURTADO	RCA	2024-07-13			Trabalhando
108	MECANICO II	FLAVIO ALMEIDA FURTADO (DUPLICADO - …	RCA	2024-07-13			Trabalhando
109	SERVIÇOS GERAIS	RHANISSON MEDEIROS DE JESUS MORAIS	JC	2025-09-09	2007-01-02	MONTE ALEGRE	Trabalhando
110	SOLDADOR	PAULO LIMA VIEIRA	JC	2025-08-08	1975-03-29	CAPANEMA	Trabalhando
111	TÉC. EM ENFERMAGEM	IGOR MANUEL FERREIRA DOS SANTOS	JC	2025-05-28	1996-09-01	SANTARÉM	Trabalhando
112	TÉCNICO EM SEGURANÇA NO TRABALHO	JANDIRA MELO RODRIGUES FILHA	JC	2026-07-07	1981-09-01	SANTARÉM	Trabalhando
113	TÉCNICO EM SEGURANÇA NO TRABALHO	JANDIRA MELO RODRIGUES FILHA (DUPLIC…	JC	2026-07-07			Trabalhando
