n	nome	funcao	empresa	situacao	saida_frente	chegada_casa
1	ADRIANO BRITO RODRIGUES	OP. DE PÁ CARREGADEIRA	RCA	Em viagem para casa	2026-09-26	
2	AILSON DE JESUS MACEDO	OP. DE MOTOSSERRA - BATEDOR	JC	Em viagem para casa	2026-09-12	
3	ALCINDO DO NASCIMENTO CORREA	MECANICO II	JC	Em viagem para casa	2026-09-26	
4	ALCIR LEÃO SOARES	MEDIDOR	RCA	Em viagem para casa	2026-09-19	
5	ALESSANDRO LACERDA DA SILVA	OPERADOR DE TRATOR DE ESTEIRA	RCA	Em viagem para casa	2026-09-12	
6	ANDERSON COSTA AMARAL	APONTADOR DE PRODUÇÃO	RCA	Em viagem para casa	2026-09-19	
7	ANTONIO DOS SANTOS LIMA	OP. DE MOTOSSERRA - BATEDOR	JC	Em viagem para casa	2026-09-19	
8	CARLOS RENE NASCIMENTO	MOT. DE CAMINHAO NIVEL III	JC	Em viagem para casa	2026-09-28	
9	CARLOS WAGNER MELO ARAUJO	OP. DE SKIDDER	JC	Em viagem para casa	2026-09-19	
10	DANILO MOREIRA DOS SANTOS	OP. DE MOTOSSERRA - BATEDOR	RCA	Em viagem para casa	2026-09-19	
11	DEVID AMARAL PANTOJA	TRABALHADOR DE EXTRAÇÃO FLORESTAL	RCA	Em viagem para casa	2026-09-19	
12	FABRICIO DA SILVA MIRANDA	AJUDANTE OPERADOR DE MOTOSSERRA	JC	Em viagem para casa	2026-09-05	
13	FRANCIEL DA SILVA TAVARES	TRABALHADOR DE EXTRAÇÃO FLORESTAL	JC	Em viagem para casa	2026-09-19	
14	FRANCISCO DE ARAUJO FURTADO	OP. DE MOTONIVELADORA	RCA	Em viagem para casa	2026-09-08	
15	GENILSON DA SILVA SANTOS	MOT. DE CAMINHAO NIVEL III	JC	Em viagem para casa	2026-09-26	
16	HALAN RODRIGO BATISTA SENA	OP. DE PÁ CARREGADEIRA	JC	Em viagem para casa	2026-09-21	
17	JOSÉ ALUIZIO NOVAES DE SOUZA	OP. DE MOTOSSERRA - DERRUBA	RCA	Em viagem para casa	2026-09-05	
18	JOSÉ MARIA ALVES DA SILVA	OP. DE MOTOSSERRA - BATEDOR	JC	Em viagem para casa	2026-09-19	
19	LEONARDO DA COSTA AMARAL	MECANICO II	RCA	Em viagem para casa	2026-09-05	
20	MANAZES FERREIRA DO CARMO MOURÃO	OP. DE PÁ CARREGADEIRA	JC	Em viagem para casa	2026-09-18	
21	MARCIO DE JESUS SOARES OLIVEIRA	OP. DE PÁ CARREGADEIRA	JC	Em viagem para casa	2026-09-19	
22	PABLO DA COSTA RIBEIRO	AUX DE LUBRIFICAÇÃO	RCA	Em viagem para casa	2026-09-12	
23	PAULO ROBSON RODRIGUES ALVES BANDEIRA	OP. DE MOTOSSERRA - BATEDOR	JC	Em viagem para casa	2026-09-19	
24	RAIMUNDO DE SOUZA GONÇALVES	OP. DE MOTOSSERRA - BATEDOR	RCA	Em viagem para casa	2026-09-19	
25	SEBASTIÃO DA CRUZ GOMES	OP. DE SKIDDER	RCA	Em viagem para casa	2026-09-19	
26	CLAYTON ROCHA MOURA	MEDIDOR	Renascer	De folga		2026-09-23
27	EDSON FREITAS VALENTE	OP. DE PÁ CARREGADEIRA	Renascer	De folga		2026-09-28
28	ENIO LAURIE OLIVEIRA BEZERRA	MOT. DE CAMINHAO NIVEL III	Renascer	De folga		2026-09-24
29	OSMIRO BAGATA CORRÊA	APONTADOR DE PRODUÇÃO	JC	De folga		2026-09-20
30	REINALDO ROCHA DOS SANTOS	OP. DE SKIDDER	RCA	De folga		2026-09-22
31	ANTENOR MOREIRA DA SILVA	MOTORISTA DE COMBOIO	RCA	De folga		2026-09-17
32	JEREMIAS CARDOSO	AJUDANTE OPERADOR DE MOTOSSERRA	JC	De folga		2026-09-06
33	LEANDRO DA SILVA NUNES	TRABALHADOR DE EXTRAÇÃO FLORESTAL	JC	De folga		2026-08-29
34	ROSIVALDO PIMENTEL SANTANA	OP. DE MOTOSSERRA - BATEDOR	RCA	De folga		2026-08-18
