Veículo	Filial	Data Manutenção	Tipo de Manutenção	O.S.	Medidor	Status	Observações
CA-05	Flexal	27/04/2026	CAIXA DE MARCHA		11548	REALIZADA	
CA-05	Flexal	27/04/2026	DIFERENCIAL DIANTEIRO		11548	REALIZADA	
CA-05	Flexal	27/04/2026	DIFERENCIAL TRASEIRO		11548	REALIZADA	
CA-05	Flexal	04/02/2025	MOTOR		215225	REALIZADA	
CA-06	Flexal	27/04/2026	CAIXA DE MARCHA		162552	REALIZADA	
CA-06	Flexal	27/04/2026	DIFERENCIAL DIANTEIRO		162552	REALIZADA	
CA-06	Flexal	27/04/2026	DIFERENCIAL TRASEIRO		162552	REALIZADA	
CA-06	Flexal	27/04/2026	MOTOR		162552	REALIZADA	
CA-08	Flexal	20/03/2026	CAIXA DE MARCHA	66	7857	REALIZADA	
CA-08	Flexal	20/03/2026	DIFERENCIAL TRASEIRO		7857	REALIZADA	
CA-08	Flexal	20/03/2026	DIFERENCIAL DIANTEIRO		7857	REALIZADA	
CA-08	Flexal	20/03/2026	MOTOR	66	7857	REALIZADA	
CA-08	Flexal	16/06/2025	CAIXA DE MARCHA		2703	REALIZADA	
CA-08	Flexal	16/05/2025	CAIXA DE REDUÇÃO		2703	REALIZADA	
CA-10	Flexal	18/09/2026	MOTOR		115377	REALIZADA	
CA-10	Flexal	14/12/2025	CAIXA DE MARCHA		101636	REALIZADA	
CA-10	Flexal	14/12/2025	DIFERENCIAL DIANTEIRO		101636	REALIZADA	
CA-10	Flexal	14/12/2025	DIFERENCIAL TRASEIRO		101636	REALIZADA	
CC-02	Flexal	29/08/2026	MOTOR		373	REALIZADA	
CC-02	Flexal	20/08/2026	DIFERENCIAL TRASEIRO		373	REALIZADA	
CC-02	Flexal	18/05/2026	DIFERENCIAL DIANTEIRO		1	REALIZADA	
CC-02	Flexal	18/05/2026	CAIXA DE MARCHA		1	REALIZADA	
CM-01	Flexal	28/08/2025	MOTOR		276702	REALIZADA	
CM-01	Flexal	16/08/2025	DIFERENCIAL TRASEIRO		259175	REALIZADA	
CM-01	Flexal	16/08/2025	DIFERENCIAL DIANTEIRO		259175	REALIZADA	
CM-01	Flexal	26/04/2025	CAIXA DE MARCHA		271553	REALIZADA	
CM-05	Flexal	22/07/2026	DIFERENCIAL TRASEIRO		284417	REALIZADA	ARLEY- FLEXAL
CM-05	Flexal	22/07/2026	DIFERENCIAL DIANTEIRO		284417	REALIZADA	
CM-05	Flexal	22/07/2026	MOTOR		284417	REALIZADA	arley- flexal
CM-05	Flexal	22/07/2026	CAIXA DE MARCHA		284417	REALIZADA	arley- flexal
CM-06	Flexal	16/09/2026	MOTOR		309489	REALIZADA	
CM-06	Flexal	14/12/2025	CAIXA DE MARCHA		299168	REALIZADA	
CM-06	Flexal	14/12/2025	DIFERENCIAL TRASEIRO		299168	REALIZADA	
CM-06	Flexal	14/12/2025	DIFERENCIAL DIANTEIRO		299168	REALIZADA	
CM-12	Flexal	14/04/2026	DIFERENCIAL DIANTEIRO		299152	REALIZADA	
CM-12	Flexal	14/04/2026	DIFERENCIAL TRASEIRO		299152	REALIZADA	
CM-12	Flexal	14/04/2026	MOTOR		299152	REALIZADA	
CM-12	Flexal	14/04/2026	CAIXA DE MARCHA		299152	REALIZADA	
CM-16	Flexal	12/05/2026	MOTOR	133	270094	REALIZADA	SERVIÇO ELETRICO E TROCA DE OLEO DO MOTOR
CM-16	Flexal	06/06/2025	DIFERENCIAL DIANTEIRO		252741	REALIZADA	
CM-16	Flexal	06/06/2025	DIFERENCIAL TRASEIRO		252741	REALIZADA	
CM-16	Flexal	06/06/2025	CAIXA DE MARCHA		252741	REALIZADA	
CM-25	Flexal	07/07/2026	MOTOR		280460	REALIZADA	
CM-25	Flexal	07/07/2026	CAIXA DE MARCHA		280460	REALIZADA	
CM-25	Flexal	06/07/2026	DIFERENCIAL TRASEIRO		280460	REALIZADA	
CM-25	Flexal	06/07/2026	DIFERENCIAL DIANTEIRO		280460	REALIZADA	
CM-26	Flexal	05/06/2026	DIFERENCIAL TRASEIRO		305180	REALIZADA	
CM-26	Flexal	05/06/2026	MOTOR		305180	REALIZADA	
CM-26	Flexal	05/06/2026	DIFERENCIAL DIANTEIRO		305180	REALIZADA	
CM-26	Flexal	07/07/2025	CAIXA DE MARCHA		280576	REALIZADA	
EST-04	Flexal	17/09/2026	MOTOR		7461	REALIZADA	
HL-04	Flexal	28/08/2026	MOTOR		261638	REALIZADA	Flexal
HL-04	Flexal	08/02/2026	CAIXA DE MARCHA		249360	REALIZADA	
HL-04	Flexal	27/01/2026	DIFERENCIAL DIANTEIRO		248233	REALIZADA	
HL-04	Flexal	27/01/2026	DIFERENCIAL TRASEIRO		248233	REALIZADA	
MN-02	Flexal	04/09/2026	MOTOR		8279	REALIZADA	
MN-02	Flexal	04/09/2026	DIFERENCIAL DIANTEIRO		8279	REALIZADA	
MN-02	Flexal	19/10/2025	TRANSMISSÃO		7278	REALIZADA	
MN-02	Flexal	27/11/2024	DIFERENCIAL TRASEIRO		5500	REALIZADA	
MN-03	Flexal	16/08/2026	MOTOR		396	REALIZADA	
MN-03	Flexal	06/05/2025	DIFERENCIAL TRASEIRO		15649	REALIZADA	
MN-03	Flexal	06/05/2025	DIFERENCIAL DIANTEIRO		15649	REALIZADA	
MN-03	Flexal	06/05/2025	TRANSMISSÃO		15649	REALIZADA	
PC-05	Flexal	14/08/2026	MOTOR		11320	REALIZADA	arley - flexal
PC-05	Flexal	30/06/2026	TRANSMISSÃO		11279	REALIZADA	
PC-05	Flexal	13/12/2025	DIFERENCIAL TRASEIRO		10951	REALIZADA	
PC-05	Flexal	13/11/2025	DIFERENCIAL DIANTEIRO		10773	REALIZADA	
PC-07	Flexal	27/04/2026	TRANSMISSÃO		17406	REALIZADA	
PC-07	Flexal	27/04/2026	DIFERENCIAL TRASEIRO		17406	REALIZADA	
PC-07	Flexal	27/04/2026	DIFERENCIAL DIANTEIRO		17406	REALIZADA	
PC-08	Flexal	30/07/2026	DIFERENCIAL TRASEIRO		17992	REALIZADA	
PC-08	Flexal	30/07/2026	DIFERENCIAL DIANTEIRO		17992	REALIZADA	
PC-08	Flexal	30/07/2026	MOTOR		17992	REALIZADA	
PC-08	Flexal	21/09/2025	TRANSMISSÃO		16414	REALIZADA	
PC-10	Flexal	25/09/2026	MOTOR		11225	REALIZADA	
PC-10	Flexal	27/04/2026	TRANSMISSÃO		10743	REALIZADA	
PC-10	Flexal	27/04/2026	DIFERENCIAL DIANTEIRO		10743	REALIZADA	
PC-10	Flexal	27/04/2026	DIFERENCIAL TRASEIRO		10743	REALIZADA	
PC-16	Flexal	20/09/2026	MOTOR		956	REALIZADA	
PC-31	Flexal	24/09/2026	MOTOR		3824	REALIZADA	flexal
PC-31	Flexal	23/05/2026	DIFERENCIAL TRASEIRO		3000	REALIZADA	
PC-31	Flexal	23/05/2026	DIFERENCIAL DIANTEIRO		3000	REALIZADA	
PC-31	Flexal	03/04/2025	TRANSMISSÃO		1	REALIZADA	
PC-32	Flexal	15/09/2026	MOTOR		3765	REALIZADA	
PC-32	Flexal	05/03/2026	DIFERENCIAL DIANTEIRO		3044	REALIZADA	
PC-32	Flexal	05/03/2026	DIFERENCIAL TRASEIRO		3044	REALIZADA	
PC-32	Flexal	03/04/2025	TRANSMISSÃO		1	REALIZADA	
PC-33	Flexal	09/09/2026	MOTOR		3860	REALIZADA	
PC-33	Flexal	23/05/2026	DIFERENCIAL DIANTEIRO		3346	REALIZADA	
PC-33	Flexal	23/05/2026	DIFERENCIAL TRASEIRO		3346	REALIZADA	
PC-36	Flexal	26/08/2026	TRANSMISSÃO		3593	REALIZADA	
PC-36	Flexal	03/08/2026	MOTOR		3505	REALIZADA	flexal - alrley
PC-36	Flexal	05/03/2026	DIFERENCIAL DIANTEIRO		3059	REALIZADA	
PC-36	Flexal	05/03/2026	DIFERENCIAL TRASEIRO		3059	REALIZADA	
SK-05	Flexal	15/09/2026	MOTOR		10860	REALIZADA	
SK-05	Flexal	29/05/2026	TRANSMISSÃO		10572	REALIZADA	
SK-05	Flexal	13/03/2026	DIFERENCIAL TRASEIRO		10572	REALIZADA	ARLEY MESQUITA- BELEM
SK-05	Flexal	13/03/2026	DIFERENCIAL DIANTEIRO		10572	REALIZADA	ARLEY MESQUITA- BELEM
SK-06	Flexal	09/05/2025	DIFERENCIAL DIANTEIRO		10033	REALIZADA	
SK-06	Flexal	09/05/2025	DIFERENCIAL TRASEIRO		10033	REALIZADA	
SK-06	Flexal	30/04/2025	TRANSMISSÃO		8976	REALIZADA	
SK-08	Flexal	09/09/2026	MOTOR		3992	REALIZADA	
SK-08	Flexal	19/08/2026	TRANSMISSÃO		3896	REALIZADA	flexal
SK-08	Flexal	25/05/2026	DIFERENCIAL DIANTEIRO		3722	REALIZADA	
SK-08	Flexal	25/05/2026	DIFERENCIAL TRASEIRO		3722	REALIZADA	
SK-11	Flexal	16/08/2026	MOTOR		4071	REALIZADA	arley - flexal
SK-11	Flexal	30/05/2026	DIFERENCIAL TRASEIRO		3783	REALIZADA	BELEM
SK-11	Flexal	30/05/2026	DIFERENCIAL DIANTEIRO		3783	REALIZADA	BELEM
SK-11	Flexal	16/12/2025	MOTOR		3637	REALIZADA	
SK-11	Flexal	26/05/2025	TRANSMISSÃO		2369	REALIZADA	
SK-12	Flexal	24/08/2026	DIFERENCIAL DIANTEIRO		3576	REALIZADA	
SK-12	Flexal	24/08/2026	TRANSMISSÃO		3576	REALIZADA	
SK-12	Flexal	24/08/2026	MOTOR		3576	REALIZADA	flexal
SK-12	Flexal	24/08/2026	DIFERENCIAL TRASEIRO		3576	REALIZADA	
TE-05	Flexal	09/09/2026	MOTOR		1027	REALIZADA	
TE-05	Flexal	22/08/2026	TRANSMISSÃO		911	REALIZADA	Flexal
TE-05	Flexal	13/05/2026	COMANDO FINAL		703	REALIZADA	
TE-06	Flexal	31/08/2026	COMANDO FINAL		1517	REALIZADA	Flexal
TE-06	Flexal	26/07/2026	MOTOR		1397	REALIZADA	motor- flexal - arley
TE-06	Flexal	06/06/2025	TRANSMISSÃO		1	REALIZADA	
TE-07	Flexal	17/09/2026	MOTOR		857	REALIZADA	
TE-07	Flexal	17/09/2026	COMANDO FINAL		857	REALIZADA	
TE-07	Flexal	17/09/2026	TRANSMISSÃO		857	REALIZADA	
